{
    "param": {
        "mBringCloseRateCrossVec": 0.699999988079071,
        "mBringCloseRateMoveVec": 0.699999988079071,
        "mBurstEffectFrame": 300,
        "mBurst_Radius_Far": 55.0,
        "mBurst_Radius_Middle": 54.0,
        "mBurst_Radius_Near": 55.0,
        "mEffectShakeRange": 0.0,
        "mFly_Gravity": 0.1599999964237213,
        "mFly_InitPit": 0.4000000059604645,
        "mFly_InitRol": 0.11999999731779099,
        "mFly_RotI": 20.0,
        "mFly_RotKd": 0.9801499843597412,
        "mFly_VelKd": 0.941336989402771,
        "mInkConsume": 0.6000000238418579,
        "mInkConsumeRate": 0.05000000074505806,
        "mInkRecoverFrame": 10,
        "mLossLv1CycleFrm": 60,
        "mLossLv1Num": 3,
        "mLossLv2CycleFrm": 30,
        "mLossLv2Num": 4,
        "mLossLv3CycleFrm": 15,
        "mPoisonFrame": 2,
        "mShape_SphereD": 5.0,
        "mShape_SphereR": 2.0,
        "mSideStepInkConsumeScale": 3.5,
        "mThroughWall": true
    }
}