{
    "param": {
        "mColRadius": 2.0,
        "mCoopDamageMax": 280,
        "mCoopDamageMin": 140,
        "mCoopInkConsume": 0.012000000104308128,
        "mCreateSplashLength": 90.0,
        "mCreateSplashNum": 2.0,
        "mDamageMax": 280,
        "mDamageMin": 140,
        "mDamageReduceEndFrame": 25,
        "mDamageReduceStartFrame": 9,
        "mDegBias": 0.30000001192092896,
        "mDegBiasDecrease": 0.009999999776482582,
        "mDegBiasKf": 0.019999999552965164,
        "mDegBiasMin": 0.03999999910593033,
        "mDegJumpBias": 0.4000000059604645,
        "mDegJumpBiasFrame": 70,
        "mDegJumpBiasStartFrame": 25,
        "mDegJumpRandom": 12.0,
        "mDegRandom": 4.0,
        "mDrawRadius": 2.5,
        "mGuideCheckCollisionFrame": 9,
        "mInitVel": 23.0,
        "mInkConsume": 0.012000000104308128,
        "mInkRecoverStop": 20,
        "mKnockBack": 0.0,
        "mMoveSpeed": 0.7200000286102295,
        "mNearestSplahSplitLength": 11.5,
        "mPaintFarDistance": 200.0,
        "mPaintFarRadius": 16.5,
        "mPaintNearDistance": 11.0,
        "mPaintNearRadius": 19.700000762939453,
        "mRepeatFrame": 6,
        "mSplashColRadius": 1.5,
        "mSplashDrawRadius": 3.0,
        "mSplashPaintRadius": 12.699999809265137,
        "mSplashSplitNum": 8,
        "mStraightFrame": 5,
        "mStraightStateEndSpeed": 22.697999954223633,
        "mTripleShotSpan": 0
    }
}