{
    "param": {
        "mAutoShot": true,
        "mBurstAimMoveFrm": 0,
        "mColRadius": 2.0,
        "mCoopDamageMax": 350,
        "mCoopDamageMin": 300,
        "mCoopInkConsume": 0.01600000075995922,
        "mCreateSplashLength": 100.0,
        "mCreateSplashNum": 3.0,
        "mDamageMax": 320,
        "mDamageMin": 160,
        "mDamageRate_MWPUG_High": 1.0,
        "mDamageRate_MWPUG_Mid": 1.0,
        "mDamageReduceEndFrame": 25,
        "mDamageReduceStartFrame": 9,
        "mDamage_MWPUG_Max": 2000,
        "mDegBias": 0.25,
        "mDegBiasDecrease": 0.009999999776482582,
        "mDegBiasKf": 0.014999999664723873,
        "mDegBiasMin": 0.019999999552965164,
        "mDegBias_MWPUG_High": -0.10000000149011612,
        "mDegBias_MWPUG_Mid": -0.10000000149011612,
        "mDegJumpBias": 0.4000000059604645,
        "mDegJumpBiasFrame": 70,
        "mDegJumpBiasInterpolateRate_MWPUG_High": 1.0,
        "mDegJumpBiasInterpolateRate_MWPUG_Mid": 1.0,
        "mDegJumpBiasStartFrame": 25,
        "mDegJumpBias_MWPUG_High": -0.10000000149011612,
        "mDegJumpBias_MWPUG_Mid": -0.10000000149011612,
        "mDegJumpRandom": 8.0,
        "mDegJumpRandom_MWPUG_High": -1.0,
        "mDegJumpRandom_MWPUG_Mid": -1.0,
        "mDegRandom": 3.0,
        "mDegRandom_MWPUG_High": 2.0999999046325684,
        "mDegRandom_MWPUG_Mid": 2.450000047683716,
        "mDrawRadius": 2.5,
        "mForceDropNearestSplashAddNum": 0,
        "mForceDropNearestSplashAddNum2": 0,
        "mForceDropNearestSplashAddNum3": 0,
        "mGuideCheckCollisionFrame": 9,
        "mInitVel": 33.599998474121094,
        "mInitVelRate_MWPUG_High": 1.0845999717712402,
        "mInitVelRate_MWPUG_Mid": 1.0298999547958374,
        "mInkConsume": 0.01600000075995922,
        "mInkMagazineRatio": 1.0,
        "mInkRecoverStop": 20,
        "mKnockBack": 0.0,
        "mMoveSpeed": 0.6000000238418579,
        "mNearestSplahSplitLength": 10.0,
        "mNearestSplashMaxScaleClamp": 1.2000000476837158,
        "mNearestSplashPaintRadiusTimes": 1.399999976158142,
        "mPaintFarDistance": 200.0,
        "mPaintFarRadius": 17.600000381469727,
        "mPaintMaxScaleClampA": 2.4000000953674316,
        "mPaintMaxScaleClampB": 2.4000000953674316,
        "mPaintMiddleDistance": 0.0,
        "mPaintMiddleRadius": 0.0,
        "mPaintMinScaleClampA": 1.399999976158142,
        "mPaintMinScaleClampB": 1.2000000476837158,
        "mPaintNearDistance": 11.0,
        "mPaintNearRadius": 19.799999237060547,
        "mPaintScaleOriginal": false,
        "mPlayerColRadius": -1.0,
        "mPostDelayFrm_Main": 4,
        "mRepeatFrame": 8,
        "mSplashColRadius": 1.5,
        "mSplashDrawRadius": 3.0,
        "mSplashMaxScaleClamp": 1.2000000476837158,
        "mSplashMaxScaleHighest": 30.0,
        "mSplashMinScaleClamp": 1.0,
        "mSplashMinScaleHighest": 100.0,
        "mSplashPaintRadius": 12.0,
        "mSplashPaintRadius_MWPUG_High": -1.0,
        "mSplashPaintRadius_MWPUG_Mid": -1.0,
        "mSplashSplitNum": 8,
        "mSquidShootAnimationTimes": 3.5,
        "mSquidShootShorteningFrame": 1,
        "mStraightFrame": 5,
        "mStraightStateEndSpeed": 22.31999969482422,
        "mTripleShotSpan": 0,
        "mVariableShotFrame": 0
    }
}