{
    "param": {
        "mAutoShot": true,
        "mBurstAimMoveFrm": 0,
        "mColRadius": 2.0,
        "mCoopDamageMax": 300,
        "mCoopDamageMin": 250,
        "mCoopInkConsume": 0.00800000037997961,
        "mCreateSplashLength": 135.0,
        "mCreateSplashNum": 1.2000000476837158,
        "mDamageMax": 280,
        "mDamageMin": 140,
        "mDamageRate_MWPUG_High": 1.2000000476837158,
        "mDamageRate_MWPUG_Mid": 1.100000023841858,
        "mDamageReduceEndFrame": 16,
        "mDamageReduceStartFrame": 8,
        "mDamage_MWPUG_Max": 333,
        "mDegBias": 0.25,
        "mDegBiasDecrease": 0.004999999888241291,
        "mDegBiasKf": 0.03999999910593033,
        "mDegBiasMin": 0.03999999910593033,
        "mDegBias_MWPUG_High": -0.10000000149011612,
        "mDegBias_MWPUG_Mid": -0.10000000149011612,
        "mDegJumpBias": 0.4000000059604645,
        "mDegJumpBiasFrame": 70,
        "mDegJumpBiasInterpolateRate_MWPUG_High": 1.0,
        "mDegJumpBiasInterpolateRate_MWPUG_Mid": 1.0,
        "mDegJumpBiasStartFrame": 25,
        "mDegJumpBias_MWPUG_High": -0.10000000149011612,
        "mDegJumpBias_MWPUG_Mid": -0.10000000149011612,
        "mDegJumpRandom": 12.800000190734863,
        "mDegJumpRandom_MWPUG_High": -1.0,
        "mDegJumpRandom_MWPUG_Mid": -1.0,
        "mDegRandom": 7.400000095367432,
        "mDegRandom_MWPUG_High": -1.0,
        "mDegRandom_MWPUG_Mid": -1.0,
        "mDrawRadius": 2.5,
        "mForceDropNearestSplashAddNum": 0,
        "mGuideCheckCollisionFrame": 8,
        "mInitVel": 22.100000381469727,
        "mInitVelRate_MWPUG_High": 1.0,
        "mInitVelRate_MWPUG_Mid": 1.0,
        "mInkConsume": 0.00800000037997961,
        "mInkMagazineRatio": 1.0,
        "mInkRecoverStop": 20,
        "mKnockBack": 0.0,
        "mMoveSpeed": 0.7200000286102295,
        "mNearestSplahSplitLength": 10.0,
        "mNearestSplashMaxScaleClamp": 1.2000000476837158,
        "mNearestSplashPaintRadiusTimes": 1.399999976158142,
        "mPaintFarDistance": 200.0,
        "mPaintFarRadius": 15.5,
        "mPaintMaxScaleClampA": 2.4000000953674316,
        "mPaintMaxScaleClampB": 2.4000000953674316,
        "mPaintMiddleDistance": 0.0,
        "mPaintMiddleRadius": 0.0,
        "mPaintMinScaleClampA": 1.399999976158142,
        "mPaintMinScaleClampB": 1.2000000476837158,
        "mPaintNearDistance": 11.0,
        "mPaintNearRadius": 16.0,
        "mPaintScaleOriginal": false,
        "mPlayerColRadius": 2.0,
        "mPostDelayFrm_Main": 4,
        "mRepeatFrame": 6,
        "mSplashColRadius": 1.5,
        "mSplashDrawRadius": 3.0,
        "mSplashMaxScaleClamp": 1.2000000476837158,
        "mSplashMaxScaleHighest": 30.0,
        "mSplashMinScaleClamp": 1.0,
        "mSplashMinScaleHighest": 100.0,
        "mSplashPaintRadius": 13.399999618530273,
        "mSplashPaintRadius_MWPUG_High": -1.0,
        "mSplashPaintRadius_MWPUG_Mid": -1.0,
        "mSplashSplitNum": 7,
        "mSquidShootAnimationTimes": 1.0,
        "mSquidShootShorteningFrame": 0,
        "mStraightFrame": 4,
        "mStraightStateEndSpeed": 22.049999237060547,
        "mTripleShotSpan": 0,
        "mVariableShotFrame": 0
    }
}