{
    "HumanMove_Up": {
        "MoveVelRt_Human_ShotA_High": 1.2000000476837158,
        "MoveVelRt_Human_ShotA_Low": 1.0,
        "MoveVelRt_Human_ShotA_Mid": 1.100000023841858,
        "MoveVelRt_Human_ShotB_High": 1.25,
        "MoveVelRt_Human_ShotB_Low": 1.0,
        "MoveVelRt_Human_ShotB_Mid": 1.125,
        "MoveVelRt_Human_ShotC_High": 1.2999999523162842,
        "MoveVelRt_Human_ShotC_Low": 1.0,
        "MoveVelRt_Human_ShotC_Mid": 1.149999976158142,
        "MoveVelRt_Human_ShotD_High": 1.350000023841858,
        "MoveVelRt_Human_ShotD_Low": 1.0,
        "MoveVelRt_Human_ShotD_Mid": 1.1749999523162842,
        "MoveVelRt_Human_ShotE_High": 1.399999976158142,
        "MoveVelRt_Human_ShotE_Low": 1.0,
        "MoveVelRt_Human_ShotE_Mid": 1.2000000476837158,
        "MoveVel_Human_BigWeapon_High": 1.440000057220459,
        "MoveVel_Human_BigWeapon_Low": 0.8799999952316284,
        "MoveVel_Human_BigWeapon_Mid": 1.159999966621399,
        "MoveVel_Human_High": 1.440000057220459,
        "MoveVel_Human_Low": 0.9599999785423279,
        "MoveVel_Human_Mid": 1.2000000476837158,
        "MoveVel_Human_ShortWeapon_High": 1.440000057220459,
        "MoveVel_Human_ShortWeapon_Low": 1.0399999618530273,
        "MoveVel_Human_ShortWeapon_Mid": 1.2400000095367432
    }
}