{
    "OpInkEffect_Reduction": {
        "OpInk_Armor_HP_High": 39.0,
        "OpInk_Armor_HP_Low": 0.0,
        "OpInk_Armor_HP_Mid": 26.0,
        "OpInk_Damage_High": 0.001500000013038516,
        "OpInk_Damage_Lmt_High": 0.20000000298023224,
        "OpInk_Damage_Lmt_Low": 0.4000000059604645,
        "OpInk_Damage_Lmt_Mid": 0.30000001192092896,
        "OpInk_Damage_Low": 0.003000000026077032,
        "OpInk_Damage_Mid": 0.0022499999031424522,
        "OpInk_JumpGnd_High": 1.100000023841858,
        "OpInk_JumpGnd_Mid": 0.9800000190734863,
        "OpInk_JumpGnd_Msn_High": 1.0499999523162842,
        "OpInk_JumpGnd_Msn_Low": 0.6000000238418579,
        "OpInk_JumpGnd_Msn_Mid": 0.824999988079071,
        "OpInk_VelGnd_High": 0.7680000066757202,
        "OpInk_VelGnd_Low": 0.23999999463558197,
        "OpInk_VelGnd_Mid": 0.5568000078201294,
        "OpInk_VelGnd_ShotK_High": 1.0,
        "OpInk_VelGnd_ShotK_Low": 0.5,
        "OpInk_VelGnd_ShotK_Mid": 0.75,
        "OpInk_VelGnd_Shot_High": 0.41999998688697815,
        "OpInk_VelGnd_Shot_Low": 0.11999999731779099,
        "OpInk_VelGnd_Shot_Mid": 0.33000001311302185,
        "mAreaParamsL": 0.800000011920929
    }
}