{
    "SpecialIncrease_Up": {
        "SpecialRt_Charge_High": 1.2999999523162842,
        "SpecialRt_Charge_Low": 1.0,
        "SpecialRt_Charge_Mid": 1.149999976158142
    }
}