{
    "BombDistance_Up": {
        "BombThrow_VelZ_BombPiyo_High": 18.399999618530273,
        "BombThrow_VelZ_BombPiyo_Low": 13.600000381469727,
        "BombThrow_VelZ_BombPiyo_Mid": 16.0,
        "BombThrow_VelZ_BombTako_High": 18.399999618530273,
        "BombThrow_VelZ_BombTako_Low": 13.600000381469727,
        "BombThrow_VelZ_BombTako_Mid": 16.0,
        "BombThrow_VelZ_High": 16.799999237060547,
        "BombThrow_VelZ_Low": 11.199999809265137,
        "BombThrow_VelZ_Mid": 14.0,
        "BombThrow_VelZ_PointSensor_High": 18.700000762939453,
        "BombThrow_VelZ_PointSensor_Low": 13.800000190734863,
        "BombThrow_VelZ_PointSensor_Mid": 16.399999618530273,
        "SubRt_Effect_High": 0.0,
        "SubRt_Effect_Low": 0.0,
        "SubRt_Effect_Mid": 0.0
    }
}