{
    "SquidMove_Up": {
        "MoveVel_Stealth_BigWeapon_High": 2.4000000953674316,
        "MoveVel_Stealth_BigWeapon_Low": 1.7280000448226929,
        "MoveVel_Stealth_BigWeapon_Mid": 2.1600000858306885,
        "MoveVel_Stealth_High": 2.4000000953674316,
        "MoveVel_Stealth_Low": 1.9199999570846558,
        "MoveVel_Stealth_Mid": 2.1600000858306885,
        "MoveVel_Stealth_ShortWeapon_High": 2.4000000953674316,
        "MoveVel_Stealth_ShortWeapon_Low": 2.0160000324249268,
        "MoveVel_Stealth_ShortWeapon_Mid": 2.2079999446868896
    }
}