{
    "SubInk_Save": {
        "ConsumeRt_Sub_A_High": 0.800000011920929,
        "ConsumeRt_Sub_A_Low": 1.0,
        "ConsumeRt_Sub_A_Mid": 0.8999999761581421,
        "ConsumeRt_Sub_B_High": 0.699999988079071,
        "ConsumeRt_Sub_B_Low": 1.0,
        "ConsumeRt_Sub_B_Mid": 0.8500000238418579,
        "ConsumeRt_Sub_C_High": 0.6499999761581421,
        "ConsumeRt_Sub_C_Low": 1.0,
        "ConsumeRt_Sub_C_Mid": 0.824999988079071,
        "ConsumeRt_Sub_D_High": 0.6000000238418579,
        "ConsumeRt_Sub_D_Low": 1.0,
        "ConsumeRt_Sub_D_Mid": 0.800000011920929,
        "ConsumeRt_Sub_E_High": 0.5,
        "ConsumeRt_Sub_E_Low": 1.0,
        "ConsumeRt_Sub_E_Mid": 0.75,
        "ConsumeRt_Sub_F_High": 1.0,
        "ConsumeRt_Sub_F_Low": 1.0,
        "ConsumeRt_Sub_F_Mid": 1.0
    }
}